{
    "agent_id": 226,
    "assigned_gender": "F",
    "total_kids_count": 0,
    "children_produced_ids": [],
    "final_status": "Dead",
    "cause_of_death": "Socio-Economic Disease Roll",
    "year_of_death": 24,
    "final_savings_balance": 78.62023029407266,
    "final_energy_level": 90,
    "travel_history_log": [
        "Asia"
    ],
    "biometric_history_log": [],
    "marriage_history": [],
    "brain_weights": [
        -0.6770225525889769,
        0.08089080751386504,
        1.7646905798710462,
        0.11829477223906952,
        -0.08155396265361876
    ]
}